<?xml version="1.0" encoding="UTF-8"?>
<GenRun Id="synth_1" LaunchPart="xc7a100tcsg324-1" LaunchTime="1621647555">
  <File Type="PA-TCL" Name="nexysa7_seg2digit.tcl"/>
  <File Type="REPORTS-TCL" Name="nexysa7_seg2digit_reports.tcl"/>
  <File Type="RDS-RDS" Name="nexysa7_seg2digit.vds"/>
  <File Type="RDS-UTIL" Name="nexysa7_seg2digit_utilization_synth.rpt"/>
  <File Type="RDS-UTIL-PB" Name="nexysa7_seg2digit_utilization_synth.pb"/>
  <File Type="RDS-DCP" Name="nexysa7_seg2digit.dcp"/>
  <FileSet Name="sources" Type="DesignSrcs" RelSrcDir="$PSRCDIR/sources_1">
    <Filter Type="Srcs"/>
    <File Path="$PSRCDIR/sources_1/imports/hdl/clk_divider.sv">
      <FileInfo>
        <Attr Name="ImportPath" Val="$PPRDIR/../../hdl/clk_divider.sv"/>
        <Attr Name="ImportTime" Val="1589596228"/>
        <Attr Name="UsedIn" Val="synthesis"/>
        <Attr Name="UsedIn" Val="implementation"/>
        <Attr Name="UsedIn" Val="simulation"/>
      </FileInfo>
    </File>
    <File Path="$PSRCDIR/sources_1/imports/hdl/debounce.sv">
      <FileInfo>
        <Attr Name="ImportPath" Val="$PPRDIR/../../hdl/debounce.sv"/>
        <Attr Name="ImportTime" Val="1621637724"/>
        <Attr Name="UsedIn" Val="synthesis"/>
        <Attr Name="UsedIn" Val="implementation"/>
        <Attr Name="UsedIn" Val="simulation"/>
      </FileInfo>
    </File>
    <File Path="$PSRCDIR/sources_1/imports/hdl/pmodENC_Interface.sv">
      <FileInfo>
        <Attr Name="ImportPath" Val="$PPRDIR/../../hdl/pmodENC_Interface.sv"/>
        <Attr Name="ImportTime" Val="1621640494"/>
        <Attr Name="UsedIn" Val="synthesis"/>
        <Attr Name="UsedIn" Val="implementation"/>
        <Attr Name="UsedIn" Val="simulation"/>
      </FileInfo>
    </File>
    <File Path="$PSRCDIR/sources_1/imports/hdl/pmodSSD_Interface.sv">
      <FileInfo>
        <Attr Name="ImportPath" Val="$PPRDIR/../../hdl/pmodSSD_Interface.sv"/>
        <Attr Name="ImportTime" Val="1589752194"/>
        <Attr Name="UsedIn" Val="synthesis"/>
        <Attr Name="UsedIn" Val="implementation"/>
        <Attr Name="UsedIn" Val="simulation"/>
      </FileInfo>
    </File>
    <File Path="$PSRCDIR/sources_1/imports/hdl/rotary_filter.sv">
      <FileInfo>
        <Attr Name="ImportPath" Val="$PPRDIR/../../hdl/rotary_filter.sv"/>
        <Attr Name="ImportTime" Val="1621637431"/>
        <Attr Name="UsedIn" Val="synthesis"/>
        <Attr Name="UsedIn" Val="implementation"/>
        <Attr Name="UsedIn" Val="simulation"/>
      </FileInfo>
    </File>
    <File Path="$PSRCDIR/sources_1/imports/hdl/nexysa7_sseg2digit.sv">
      <FileInfo>
        <Attr Name="ImportPath" Val="$PPRDIR/../../hdl/nexysa7_sseg2digit.sv"/>
        <Attr Name="ImportTime" Val="1621640746"/>
        <Attr Name="UsedIn" Val="synthesis"/>
        <Attr Name="UsedIn" Val="implementation"/>
        <Attr Name="UsedIn" Val="simulation"/>
      </FileInfo>
    </File>
    <Config>
      <Option Name="DesignMode" Val="RTL"/>
      <Option Name="TopModule" Val="nexysa7_seg2digit"/>
      <Option Name="TopAutoSet" Val="TRUE"/>
    </Config>
  </FileSet>
  <FileSet Name="constrs_in" Type="Constrs" RelSrcDir="$PSRCDIR/constrs_1">
    <Filter Type="Constrs"/>
    <File Path="$PSRCDIR/constrs_1/imports/constraints/nexysA7fpga.xdc">
      <FileInfo>
        <Attr Name="ImportPath" Val="$PPRDIR/../../constraints/nexysA7fpga.xdc"/>
        <Attr Name="ImportTime" Val="1621637815"/>
        <Attr Name="UsedIn" Val="synthesis"/>
        <Attr Name="UsedIn" Val="implementation"/>
      </FileInfo>
    </File>
    <Config>
      <Option Name="ConstrsType" Val="XDC"/>
    </Config>
  </FileSet>
  <FileSet Name="utils" Type="Utils" RelSrcDir="$PSRCDIR/utils_1">
    <Filter Type="Utils"/>
    <Config>
      <Option Name="TopAutoSet" Val="TRUE"/>
    </Config>
  </FileSet>
  <Strategy Version="1" Minor="2">
    <StratHandle Name="Vivado Synthesis Defaults" Flow="Vivado Synthesis 2019"/>
    <Step Id="synth_design"/>
  </Strategy>
</GenRun>
