<?xml version="1.0" encoding="UTF-8"?>
<GenRun Id="impl_1" LaunchPart="xc7a100tcsg324-1" LaunchTime="1621647555">
  <File Type="ROUTE-PWR" Name="nexysa7_seg2digit_power_routed.rpt"/>
  <File Type="PA-TCL" Name="nexysa7_seg2digit.tcl"/>
  <File Type="BITSTR-BMM" Name="nexysa7_seg2digit_bd.bmm"/>
  <File Type="ROUTE-PWR-SUM" Name="nexysa7_seg2digit_power_summary_routed.pb"/>
  <File Type="REPORTS-TCL" Name="nexysa7_seg2digit_reports.tcl"/>
  <File Type="OPT-DCP" Name="nexysa7_seg2digit_opt.dcp"/>
  <File Type="OPT-DRC" Name="nexysa7_seg2digit_drc_opted.rpt"/>
  <File Type="OPT-HWDEF" Name="nexysa7_seg2digit.hwdef"/>
  <File Type="PWROPT-DCP" Name="nexysa7_seg2digit_pwropt.dcp"/>
  <File Type="PLACE-DCP" Name="nexysa7_seg2digit_placed.dcp"/>
  <File Type="PLACE-IO" Name="nexysa7_seg2digit_io_placed.rpt"/>
  <File Type="PLACE-UTIL" Name="nexysa7_seg2digit_utilization_placed.rpt"/>
  <File Type="PLACE-UTIL-PB" Name="nexysa7_seg2digit_utilization_placed.pb"/>
  <File Type="PLACE-CTRL" Name="nexysa7_seg2digit_control_sets_placed.rpt"/>
  <File Type="PLACE-PRE-SIMILARITY" Name="nexysa7_seg2digit_incremental_reuse_pre_placed.rpt"/>
  <File Type="POSTPLACE-PWROPT-DCP" Name="nexysa7_seg2digit_postplace_pwropt.dcp"/>
  <File Type="BG-BIN" Name="nexysa7_seg2digit.bin"/>
  <File Type="PHYSOPT-DCP" Name="nexysa7_seg2digit_physopt.dcp"/>
  <File Type="BITSTR-MSK" Name="nexysa7_seg2digit.msk"/>
  <File Type="ROUTE-ERROR-DCP" Name="nexysa7_seg2digit_routed_error.dcp"/>
  <File Type="ROUTE-DCP" Name="nexysa7_seg2digit_routed.dcp"/>
  <File Type="ROUTE-BLACKBOX-DCP" Name="nexysa7_seg2digit_routed_bb.dcp"/>
  <File Type="ROUTE-DRC" Name="nexysa7_seg2digit_drc_routed.rpt"/>
  <File Type="ROUTE-DRC-PB" Name="nexysa7_seg2digit_drc_routed.pb"/>
  <File Type="ROUTE-DRC-RPX" Name="nexysa7_seg2digit_drc_routed.rpx"/>
  <File Type="ROUTE-METHODOLOGY-DRC" Name="nexysa7_seg2digit_methodology_drc_routed.rpt"/>
  <File Type="BITSTR-MMI" Name="nexysa7_seg2digit.mmi"/>
  <File Type="ROUTE-METHODOLOGY-DRC-RPX" Name="nexysa7_seg2digit_methodology_drc_routed.rpx"/>
  <File Type="ROUTE-METHODOLOGY-DRC-PB" Name="nexysa7_seg2digit_methodology_drc_routed.pb"/>
  <File Type="ROUTE-PWR-RPX" Name="nexysa7_seg2digit_power_routed.rpx"/>
  <File Type="ROUTE-STATUS" Name="nexysa7_seg2digit_route_status.rpt"/>
  <File Type="ROUTE-STATUS-PB" Name="nexysa7_seg2digit_route_status.pb"/>
  <File Type="ROUTE-TIMINGSUMMARY" Name="nexysa7_seg2digit_timing_summary_routed.rpt"/>
  <File Type="ROUTE-TIMING-PB" Name="nexysa7_seg2digit_timing_summary_routed.pb"/>
  <File Type="ROUTE-TIMING-RPX" Name="nexysa7_seg2digit_timing_summary_routed.rpx"/>
  <File Type="ROUTE-CLK" Name="nexysa7_seg2digit_clock_utilization_routed.rpt"/>
  <File Type="ROUTE-BUS-SKEW" Name="nexysa7_seg2digit_bus_skew_routed.rpt"/>
  <File Type="ROUTE-BUS-SKEW-PB" Name="nexysa7_seg2digit_bus_skew_routed.pb"/>
  <File Type="ROUTE-BUS-SKEW-RPX" Name="nexysa7_seg2digit_bus_skew_routed.rpx"/>
  <File Type="POSTROUTE-PHYSOPT-DCP" Name="nexysa7_seg2digit_postroute_physopt.dcp"/>
  <File Type="POSTROUTE-PHYSOPT-BLACKBOX-DCP" Name="nexysa7_seg2digit_postroute_physopt_bb.dcp"/>
  <File Type="BG-BIT" Name="nexysa7_seg2digit.bit"/>
  <File Type="BITSTR-RBT" Name="nexysa7_seg2digit.rbt"/>
  <File Type="BITSTR-NKY" Name="nexysa7_seg2digit.nky"/>
  <File Type="PDI-FILE" Name="nexysa7_seg2digit.pdi"/>
  <File Type="RCFI_FILE" Name="nexysa7_seg2digit.rcfi"/>
  <File Type="CFI_FILE" Name="nexysa7_seg2digit.cfi"/>
  <File Type="RNPI_FILE" Name="nexysa7_seg2digit.rnpi"/>
  <File Type="NPI_FILE" Name="nexysa7_seg2digit.npi"/>
  <File Type="RBD_FILE" Name="nexysa7_seg2digit.rbd"/>
  <File Type="BITSTR-LTX" Name="nexysa7_seg2digit.ltx"/>
  <File Type="BITSTR-SYSDEF" Name="nexysa7_seg2digit.sysdef"/>
  <File Type="BG-BGN" Name="nexysa7_seg2digit.bgn"/>
  <File Type="BG-DRC" Name="nexysa7_seg2digit.drc"/>
  <File Type="RDI-RDI" Name="nexysa7_seg2digit.vdi"/>
  <File Type="WBT-USG" Name="usage_statistics_webtalk.html"/>
  <FileSet Name="sources" Type="DesignSrcs" RelSrcDir="$PSRCDIR/sources_1">
    <Filter Type="Srcs"/>
    <File Path="$PSRCDIR/sources_1/imports/hdl/clk_divider.sv">
      <FileInfo>
        <Attr Name="ImportPath" Val="$PPRDIR/../../hdl/clk_divider.sv"/>
        <Attr Name="ImportTime" Val="1589596228"/>
        <Attr Name="UsedIn" Val="synthesis"/>
        <Attr Name="UsedIn" Val="implementation"/>
        <Attr Name="UsedIn" Val="simulation"/>
      </FileInfo>
    </File>
    <File Path="$PSRCDIR/sources_1/imports/hdl/debounce.sv">
      <FileInfo>
        <Attr Name="ImportPath" Val="$PPRDIR/../../hdl/debounce.sv"/>
        <Attr Name="ImportTime" Val="1621637724"/>
        <Attr Name="UsedIn" Val="synthesis"/>
        <Attr Name="UsedIn" Val="implementation"/>
        <Attr Name="UsedIn" Val="simulation"/>
      </FileInfo>
    </File>
    <File Path="$PSRCDIR/sources_1/imports/hdl/pmodENC_Interface.sv">
      <FileInfo>
        <Attr Name="ImportPath" Val="$PPRDIR/../../hdl/pmodENC_Interface.sv"/>
        <Attr Name="ImportTime" Val="1621640494"/>
        <Attr Name="UsedIn" Val="synthesis"/>
        <Attr Name="UsedIn" Val="implementation"/>
        <Attr Name="UsedIn" Val="simulation"/>
      </FileInfo>
    </File>
    <File Path="$PSRCDIR/sources_1/imports/hdl/pmodSSD_Interface.sv">
      <FileInfo>
        <Attr Name="ImportPath" Val="$PPRDIR/../../hdl/pmodSSD_Interface.sv"/>
        <Attr Name="ImportTime" Val="1589752194"/>
        <Attr Name="UsedIn" Val="synthesis"/>
        <Attr Name="UsedIn" Val="implementation"/>
        <Attr Name="UsedIn" Val="simulation"/>
      </FileInfo>
    </File>
    <File Path="$PSRCDIR/sources_1/imports/hdl/rotary_filter.sv">
      <FileInfo>
        <Attr Name="ImportPath" Val="$PPRDIR/../../hdl/rotary_filter.sv"/>
        <Attr Name="ImportTime" Val="1621637431"/>
        <Attr Name="UsedIn" Val="synthesis"/>
        <Attr Name="UsedIn" Val="implementation"/>
        <Attr Name="UsedIn" Val="simulation"/>
      </FileInfo>
    </File>
    <File Path="$PSRCDIR/sources_1/imports/hdl/nexysa7_sseg2digit.sv">
      <FileInfo>
        <Attr Name="ImportPath" Val="$PPRDIR/../../hdl/nexysa7_sseg2digit.sv"/>
        <Attr Name="ImportTime" Val="1621640746"/>
        <Attr Name="UsedIn" Val="synthesis"/>
        <Attr Name="UsedIn" Val="implementation"/>
        <Attr Name="UsedIn" Val="simulation"/>
      </FileInfo>
    </File>
    <Config>
      <Option Name="DesignMode" Val="RTL"/>
      <Option Name="TopModule" Val="nexysa7_seg2digit"/>
      <Option Name="TopAutoSet" Val="TRUE"/>
    </Config>
  </FileSet>
  <FileSet Name="constrs_in" Type="Constrs" RelSrcDir="$PSRCDIR/constrs_1">
    <Filter Type="Constrs"/>
    <File Path="$PSRCDIR/constrs_1/imports/constraints/nexysA7fpga.xdc">
      <FileInfo>
        <Attr Name="ImportPath" Val="$PPRDIR/../../constraints/nexysA7fpga.xdc"/>
        <Attr Name="ImportTime" Val="1621637815"/>
        <Attr Name="UsedIn" Val="synthesis"/>
        <Attr Name="UsedIn" Val="implementation"/>
      </FileInfo>
    </File>
    <Config>
      <Option Name="ConstrsType" Val="XDC"/>
    </Config>
  </FileSet>
  <FileSet Name="utils" Type="Utils" RelSrcDir="$PSRCDIR/utils_1">
    <Filter Type="Utils"/>
    <Config>
      <Option Name="TopAutoSet" Val="TRUE"/>
    </Config>
  </FileSet>
  <Strategy Version="1" Minor="2">
    <StratHandle Name="Vivado Implementation Defaults" Flow="Vivado Implementation 2019"/>
    <Step Id="init_design"/>
    <Step Id="opt_design"/>
    <Step Id="power_opt_design"/>
    <Step Id="place_design"/>
    <Step Id="post_place_power_opt_design"/>
    <Step Id="phys_opt_design" EnableStepBool="1"/>
    <Step Id="route_design"/>
    <Step Id="post_route_phys_opt_design"/>
    <Step Id="write_bitstream"/>
    <Step Id="write_device_image"/>
  </Strategy>
</GenRun>
